quote_id,residual_true,residual_oof_pred,bucket
02596cb9-28b2-44a1-9618-239707810922,177.07,176.80926956598367,supply_only|asap|showroom|B4
07a35ff1-fb72-4d3d-b0ec-145fdbc454a1,0.0,579.7987872324424,supply_and_install|3_6_months|whatsapp|B5
083928af-9435-4423-ae99-07fb940f3f72,0.0,195.18930292971476,supply_only|3_6_months|website|B17
0b9be1a4-3792-43b3-b155-8f96ae8837bc,0.0,144.45205798904732,supply_only|6_12_months|website|B27
0c563cc0-f74c-454f-a98a-625110b92292,0.0,183.6314382514798,supply_and_install|asap|showroom|B9
1027fa7c-4971-4cc0-bbd3-c4e23a5f61cf,0.0,191.2447493452357,supply_only|6_12_months|website|B30
103247c7-def0-4385-9d62-85ae94492709,378.94999999999993,150.70848944325,supply_only|asap|email|B9
1327776d-5fe2-4e04-86d3-2dce60d6aa0b,550.27,149.08823883083605,supply_only|asap|showroom|B1
1638ec1f-e216-4fa3-a986-bc2902cb8c5c,0.0,149.41183072912426,supply_and_install|asap|email|B22
16d45755-2c7a-47c1-8616-4c895b7661d9,0.0,191.080685397798,supply_and_install|6_12_months|phone|B15
1fea55fd-79ae-4494-9d2d-8a100c4534c9,493.98,157.8243868093017,supply_and_install|3_6_months|email|B5
204e1870-9541-45a5-8e53-e5170460027c,0.0,240.74830583169788,supply_only|3_6_months|website|B23
2378f43f-fbee-4e1c-8e96-323b0f15b645,0.0,180.26647353976145,supply_and_install|3_6_months|showroom|B14
2858912a-2f44-4919-a9fb-2fda34f7b20c,17.180000000000007,149.49021189403018,supply_and_install|3_6_months|email|B25
2ad1fcc2-2d40-4824-85b2-d48908dd9210,0.0,192.37398369490344,supply_only|asap|website|B18
2ae7091f-164f-45dd-bf9f-47c1b405b4c2,577.1000000000001,0.0,supply_and_install|3_6_months|whatsapp|B5
2aec4494-78dd-40dc-a85f-761ea5092ae2,156.04000000000002,191.9531153039223,supply_and_install|3_6_months|email|B16
2bd7dfad-5428-41a6-96b0-7f1aa12c557e,113.92999999999995,152.9230354372839,supply_and_install|asap|referral|B21
2e37fdef-f7ec-4ce8-a661-86f45b873401,0.0,183.2217441169586,supply_and_install|6_12_months|website|B27
2e950bf6-e673-4e27-90b4-a9d55031c192,358.78,150.39507510238968,supply_only|3_6_months|showroom|B3
3020cebc-5ba8-429d-a1df-0c3b7d27a99c,616.63,195.81544616979681,supply_and_install|asap|phone|B1
3093b6ef-d8cf-401f-8896-992670ce101e,26.129999999999995,196.35757075343815,supply_only|asap|social|B21
31014d12-4069-4d11-b947-6fd0167846d5,348.93000000000006,203.616973572297,supply_and_install|6_12_months|showroom|B29
37ada8fa-acb1-40b6-9848-45d0839f0560,173.1199999999999,193.92785293219347,supply_and_install|3_6_months|whatsapp|B10
39c1ee83-c84a-455a-8749-494130517e6a,889.2099999999996,150.77044012209146,supply_only|3_6_months|email|B7
3e52af92-4c60-4ad6-b40f-656f82baf651,119.74999999999989,151.18401533220626,supply_only|6_12_months|showroom|B28
3fa98f99-1e7f-4290-b90c-84c5d8696fb0,0.0,192.4691981689534,supply_and_install|3_6_months|referral|B27
42f3a8f5-b9a6-44a0-8cb4-b41af09c9532,0.0,148.93321581429396,supply_only|6_12_months|email|B19
44313f9e-2ed8-45fd-b398-848505133a51,105.14000000000004,187.26322762328354,supply_and_install|asap|referral|B30
446287c3-b342-4d1e-bfca-f9261352f9da,140.51999999999998,191.33536633323305,supply_only|3_6_months|email|B2
44d2dfa0-7364-40f2-884f-84bedf79a22b,381.97,181.57468293998198,supply_and_install|3_6_months|whatsapp|B24
4baaf5b6-b656-490b-b392-e75f23c11796,171.03000000000003,7.619666186029527e-10,supply_only|3_6_months|social|B24
4fd62185-91f8-4afe-91c2-18dbfe8e4143,0.0,177.9838949028329,supply_only|6_12_months|social|B20
522e9f05-a7fe-4045-92bb-75a8177aab8c,364.4699999999999,182.9670666752501,supply_and_install|6_12_months|website|B8
5515eb46-b186-4873-b209-5b4bb7e32856,124.44000000000005,146.56268891237383,supply_only|asap|email|B12
5538315c-c553-4e62-bd56-a4743bdef8e0,0.0,187.2726847444538,supply_only|asap|whatsapp|B21
56c16efd-68f4-44bb-9126-0611b28061ae,0.0,140.18189288598984,supply_and_install|3_6_months|social|B2
59af8105-199b-4b53-bfd0-609774b95d9c,0.0,195.42097729226344,supply_and_install|asap|email|B3
605c1bcb-f01a-4b51-8153-4fe8747395a0,472.77,148.31915379448387,supply_only|6_12_months|email|B1
641a4a6f-10c8-402f-b357-a2ee4045ecda,0.0,187.7991242593412,supply_only|asap|whatsapp|B27
64cc56c7-4c97-48a9-babd-ed88125bc049,0.0,180.95056906985747,supply_and_install|3_6_months|website|B26
64d009a0-3a42-40ac-8403-7efd27d0434c,0.0,170.01416523634626,supply_and_install|3_6_months|email|B28
686c61d6-1362-4c1a-b675-2049312fa110,0.0,191.1079281701572,supply_only|6_12_months|website|B10
6b9762a7-04a7-407a-a0e4-2e40d8455975,104.35000000000008,169.67083346651393,supply_and_install|asap|phone|B9
7265bdbd-e47e-4091-947c-3ddf38abcf80,0.0,184.58154686991406,supply_only|asap|referral|B13
759d1678-a357-4dee-a2f1-149c0e70405e,487.44,177.27921201751505,supply_and_install|3_6_months|social|B1
76684dd7-dd49-414b-9909-c1bf292d2e09,600.51,166.60029988259438,supply_and_install|6_12_months|whatsapp|B13
774e7f6e-1c78-49a9-99da-18a9bd969eab,0.0,193.31100194711706,supply_only|asap|whatsapp|B25
7a5a2e2b-caf2-442e-b594-feac5749ae36,0.0,185.53298531410283,supply_only|3_6_months|whatsapp|B1
7c38b356-065e-424e-a708-3505a3dda3ee,0.0,171.30132018830304,supply_only|3_6_months|social|B24
7eb82c42-09e7-47bd-82c5-0bacd0f6af3a,407.6600000000001,177.74685914922088,supply_only|6_12_months|social|B12
8182fc62-da86-4502-81fe-bcb21ea083d6,0.0,196.35264803611156,supply_only|3_6_months|showroom|B11
8249fde7-791d-42e6-8804-02f1f342b5b8,160.48000000000002,199.10336347387587,supply_and_install|6_12_months|showroom|B13
83dbb047-e340-40ab-95a5-ea4469927be5,0.0,186.8520161837793,supply_only|3_6_months|referral|B12
8613d180-540e-4cc7-98ed-64ced945ec44,1004.82,168.95768612892073,supply_and_install|asap|social|B19
8c5b9b35-9bc3-448c-a8e6-35436af1399d,127.75999999999999,181.01572626909388,supply_only|asap|website|B4
8c8070b2-03f9-4ee6-aa58-b4e12f1cf711,99.57000000000005,188.61329732872818,supply_only|asap|website|B13
8e9cdb63-2d18-4212-b2bd-9d5bca144a4b,0.0,1139.986107706428,supply_only|asap|website|B29
92ecc4c7-eae4-4e1d-88b0-a73f1e32710a,0.0,173.9295283041106,supply_and_install|6_12_months|website|B28
973f5ebc-dcb1-4c7b-9555-884243c4ecda,0.0,175.09186045825612,supply_and_install|asap|email|B4
98ab9dc9-8f00-42fb-8606-d1a65d16c29f,0.0,126.46903747591541,supply_only|6_12_months|social|B24
98b49308-a4d2-47f1-993a-1a04b0edff7b,408.04999999999995,165.55075801600614,supply_and_install|3_6_months|social|B25
9a990747-12e2-410a-b4dc-136b823de6b4,801.73,152.0924928798019,supply_and_install|asap|whatsapp|B1
9e3342ba-c31a-415f-a5f2-12fd2ca840e5,181.38000000000005,193.15034895595826,supply_only|3_6_months|email|B2
a3375379-f1eb-4b3b-a8f6-a8741d7cbbc1,0.0,149.4662020882766,supply_and_install|6_12_months|phone|B23
a86089ff-1ec6-4a5b-a2b4-2fc51a0e5021,0.0,254.51430294406276,supply_and_install|6_12_months|website|B7
aa22de46-07f0-454d-8d16-b030ea358042,0.0,190.04565397870326,supply_only|asap|referral|B18
acbe11ba-ddbe-4f46-bab0-5583694d7039,286.73,172.31385974139494,supply_only|asap|phone|B19
aea06b98-dd15-4317-b1a6-28a08c8db5d1,0.0,171.06652473160256,supply_and_install|asap|whatsapp|B11
b46e55a4-8747-445b-bf7d-9a7acbf5ef35,245.07000000000016,192.32551958193528,supply_and_install|asap|whatsapp|B27
b481221b-e168-427e-a7a5-0f2eb2951751,17.039999999999964,135.8846117105523,supply_and_install|asap|email|B23
b9c7e0c1-011e-4c4c-aabe-9ea07feea47c,255.36000000000013,164.70469431257257,supply_and_install|6_12_months|social|B29
c41c4878-a5f5-4c35-aec2-62159054e6a1,190.1400000000001,187.28813120047667,supply_only|6_12_months|referral|B3
c49895f9-6f83-4c7c-9a7a-aaafb8b33d9d,75.12999999999988,180.9566907311954,supply_only|asap|showroom|B21
c5b28284-784d-4398-ac54-83b3abb184e9,414.07,195.24078378505953,supply_only|3_6_months|referral|B26
c6a86d5e-0704-415b-ab96-5dafa292faea,181.42000000000002,172.4873605198234,supply_and_install|3_6_months|phone|B26
c71a4bc7-1cfc-4c5b-b8b6-b1a14baa475c,0.0,181.127864911041,supply_and_install|3_6_months|phone|B22
cab529ca-6a20-4d9f-ad46-6f49282bedcf,323.37,183.82127530183706,supply_and_install|3_6_months|email|B17
ccad3e8f-1d6f-4c52-b2a4-7b8c47bb4a16,1282.56,3.683075077556671e-10,supply_only|asap|website|B29
ccadfbae-91ec-40a5-876e-2fde9262b42d,0.0,181.69238770244522,supply_only|6_12_months|email|B8
ce5fb264-4619-470f-87f2-b74486354ab5,0.0,177.73749344422035,supply_only|6_12_months|social|B18
cf00cf26-8266-4ce2-be27-cb77a46c1a3d,229.40999999999997,152.24106847605455,supply_only|6_12_months|referral|B30
d39b7467-6abc-4323-9037-66194739cf08,0.0,195.9164624382761,supply_and_install|3_6_months|whatsapp|B18
d474521f-12d0-4374-a2c7-d7a97f624587,0.0,182.68428136039716,supply_and_install|6_12_months|showroom|B21
d7ac1762-657a-43b6-9550-7c191e2445d6,0.0,191.43849153228953,supply_and_install|6_12_months|website|B6
daac3c6e-0c9b-4ecc-a14b-4f22a18e394f,672.5299999999999,193.81719368864987,supply_and_install|3_6_months|referral|B23
dcc3c8a2-0261-4a49-b8b6-1b40670147c9,191.28999999999996,196.59936387805263,supply_only|6_12_months|showroom|B14
dd0f20c7-2199-401d-991c-0cf9437d2d73,175.52999999999997,196.46962729910072,supply_and_install|asap|whatsapp|B28
dfc318d5-6ba4-4f87-a5c2-aafbd9846652,114.19999999999999,16.775144392559493,supply_and_install|asap|email|B23
e46c23e3-0dc2-4ec1-805f-1b451e1bdd22,0.0,148.67581178030974,supply_only|6_12_months|referral|B10
e4a5799e-1719-4a94-8ed1-fe5b57473d48,0.0,164.76853406285812,supply_and_install|3_6_months|whatsapp|B16
e4fd250c-f996-48b2-afc8-17128e31c94b,0.0,200.38052501159154,supply_only|asap|social|B15
e51086a8-b3a6-43fd-9640-a9f8cf0d44bf,301.62999999999994,196.61360663693642,supply_and_install|3_6_months|showroom|B4
e659bacb-bdb8-46ff-804d-ae93677284b8,150.81999999999994,193.43318077004614,supply_only|6_12_months|email|B26
ebd6d240-13e0-42d0-a58c-da4ae1baae03,0.0,176.31960056395343,supply_only|6_12_months|phone|B15
f005673e-0f36-49a1-9263-43431a2e3fe8,0.0,149.63397352269587,supply_and_install|asap|phone|B23
f0602b1a-3f25-4e92-8b9b-3eae56edac37,288.03999999999996,191.31708185492678,supply_and_install|3_6_months|social|B30
f43ae29b-7916-4f9c-a1a4-f388567178ee,226.83999999999992,179.21052902595508,supply_and_install|3_6_months|referral|B11
f5c74e6c-c1a1-47f6-a678-fb5df38c870c,402.65000000000003,185.4544410295189,supply_only|3_6_months|email|B11
f772a704-7368-4158-93e6-7550f7f22241,227.31999999999994,248.57589816397268,supply_and_install|6_12_months|referral|B5
